<?xml version="1.0" encoding="UTF-8"?>
<app version="1"> 
    <name>Not64</name>  
    <author>Extrems</author>  
    <version>2025-11-23</version>  
    <release_date>20251123214132</release_date>  
    <short_description>N64 Emulator for Wii</short_description>  
    <long_description>Wii64 Team is: Core Coder - tehpola Graphics &amp; Menu Coding - sepp256 General Coding - emu_kidid The Wii64Team proudly presents Wii64 Beta 1.1 'Honey' Wii64 is a port of Mupen64 to the Wii Special Thanks to: drmr - Graphics marshallh - Wii64 Demo ROM wiibrew - wiki &amp; forums shagkur/WinterMute - libogc/devkitPPC Team Twiizers for Wii homebrew Wii64 and the Wii64 logo are trademarks of the Wii64 Team and should not be used in unofficial builds.</long_description>  
    <arguments> 
        <!--	<arg>rompath = "[sd,fat]:/path/to/file"</arg>	--> 
    </arguments>  
    <ahb_access/>  
    <coder>Extrems</coder>
</app>
