<?xml version="1.0" encoding="UTF-8" standalone="yes"?>
<app version="1">
	<name> USB Loader GX</name>
	<coder>blackb0x</coder>
	<version>4.0 r1283</version>
	<release_date>20250704110000</release_date>
	<!-- to enable arguments change disabled_arguments to arguments -->
	<disabled_arguments>
		<arg>--ios=249</arg>
		<arg>--bootios=58</arg>
		<arg>--usbport=0</arg>
		<arg>--sdmode=0</arg>
	</disabled_arguments>
	<ahb_access/>
	<short_description>Load games from a USB or SD card</short_description>
	<long_description>USB Loader GX allows you to install your games to a USB storage device or SD card. You can then boot your games faster, download and use cheats, or apply various patches.

Home:
https://github.com/wiidev/usbloadergx
Support:
https://gbatemp.net/threads/149922</long_description>
</app>
