<?xml version="1.0" encoding="UTF-8" standalone="yes"?>
 <app version="2">
   <name>WiiSXRX</name>
   <coder>NiuuS</coder>
   <version>3.3 Beta</version>
   <release_date>20221227023822</release_date>
   <short_description>PSX Emulator for Wii (-FS build)</short_description>
   <long_description>
Featuring:
- PS1 / PS2 controller support through Wiimote adapter.
- 3rd party Wii Classic Controller and Pro support.
- NES / SNES Classic Controllers support.
- Gamecube controller support.
- Wii U Pro controller support.
- Wii U Gamepad controller support through VC injects.
- Wii Classic Controller and Pro support.
- Classic Controllers support. (NES / SNES)

* WiiSX/CubeSX is a PCSX port. The original team was:
emu_kidid - general coding
sepp256 - graphics and menu
tehpola - audio
* Later updates by:
matguitarist
Daxtsu
Mystro256
FIX94
NiuuS
xjsxjs197
   </long_description>
   <ahb_access/>
 </app>
